{
  "auditEventIds": ["ADM-027", "ADM-049"],
  "actionButtons": [
    {
      "buttonName": {
        "eng": "Activate",
        "ara": "تنشيط",
        "fra": "déclencher"
      },
      "actionURL": "",
      "redirectURL": "",
      "showIn": "Ellipsis",
      "validations": "",
      "callBackFunction": "activateCenter"
    },
    {
      "buttonName": {
        "eng": "Deactivate",
        "ara": "الغاء تنشيط",
        "fra": "désactiver"
      },
      "actionURL": "",
      "redirectURL": "",
      "showIn": "Ellipsis",
      "validations": "",
      "callBackFunction": "deactivateCenter"
    },
    {
      "buttonName": {
        "eng": "Decommission",
        "ara": "وقف التشغيل",
        "fra": "mettre hors service"
      },
      "actionURL": "",
      "redirectURL": "",
      "showIn": "Ellipsis",
      "validations": "",
      "callBackFunction": "decommission"
    },
    {
      "buttonName": {
        "eng": "Edit",
        "ara": "تصحيح",
        "fra": "modifier"
      },
      "actionURL": "",
      "redirectURL": "/admin/resources/centers/single-view/$id",
      "showIn": "Ellipsis",
      "validations": "",
      "callBackFunction": "centerEdit"
    },
    {
      "buttonName": {
        "eng": "Create Center",
        "ara": "إضافة مركز",
        "fra": "Ajouter le centre"
      },
      "imagePath": "assets/images/add-icon.png",
      "actionListType": "redirect",
      "actionURL": "",
      "redirectURL": "admin/resources/centers/create",
      "showIn": "Button",
      "validations": ""
    },
    {
      "buttonName": { "eng": "Filter", "ara": "تصفيه", "fra": "filtre" },
      "imagePath": "assets/images/filter.png",
      "actionListType": "action",
      "actionURL": { "case": "filter" },
      "redirectURL": "",
      "showIn": "Button",
      "validations": ""
    }
  ],
  "columnsToDisplay": [
    {
      "name": "name",
      "showInListView": "true",
      "label": { "eng": "Center", "ara": "مركز ", "fra": "Centre" },
      "sortOrder": "3",
      "showAsLink": "",
      "linkType": "",
      "LinkURL": ""
    },
    {
      "name": "centerTypeName",
      "showInListView": "true",
      "label": {
        "eng": "Center Type",
        "ara": "نوع المركز",
        "fra": "Type de centre"
      },
      "sortOrder": "",
      "showAsLink": "",
      "linkType": "",
      "LinkURL": ""
    },
    {
      "name": "isActive",
      "showInListView": "true",
      "label": { "eng": "Status", "ara": "حاله", "fra": "statut" },
      "sortOrder": "",
      "showAsLink": "false",
      "linkType": "",
      "LinkURL": ""
    },
    {
      "name": "users",
      "showInListView": "",
      "label": {
        "eng": "Users",
        "ara": "المستخدمين",
        "fra": "Utilisateur"
      },
      "sortOrder": "",
      "showAsLink": "",
      "linkType": "",
      "LinkURL": ""
    },
    {
      "name": "devices",
      "showInListView": "",
      "label": {
        "eng": "Devices",
        "ara": "الأجهزة",
        "fra": "Dispositifs"
      },
      "sortOrder": "",
      "showAsLink": "",
      "linkType": "",
      "LinkURL": ""
    },
    {
      "name": "machines",
      "showInListView": "",
      "label": {
        "eng": "Machines",
        "ara": "آلات",
        "fra": "Machines"
      },
      "sortOrder": "",
      "showAsLink": "",
      "linkType": "",
      "LinkURL": ""
    },
    {
      "name": "contactPhone",
      "showInListView": "",
      "label": {
        "eng": "Contact Phone",
        "ara": "هاتف مُتَكَون",
        "fra": "Téléphone Contact"
      },
      "sortOrder": "",
      "showAsLink": "",
      "linkType": "",
      "LinkURL": ""
    },
    {
      "name": "contactPerson",
      "showInListView": "",
      "label": {
        "eng": "Contact Person",
        "ara": "الشخص المسؤول",
        "fra": "Personne-ressource"
      },
      "sortOrder": "",
      "showAsLink": "",
      "linkType": "",
      "LinkURL": ""
    },
    {
      "name": "createdDateTime",
      "showInListView": "",
      "label": {
        "eng": "Created Time",
        "ara": "الوقت الذي تم إنشاؤه",
        "fra": "Temps créé"
      },
      "sortOrder": "",
      "showAsLink": "",
      "linkType": "",
      "LinkURL": ""
    }
  ],
  "paginator": {
    "totalEntries": null,
    "pageSize": "10",
    "pageSizeList": [10, 20, 30, 40, 50]
  },
  "filterColumns": [
    {
      "filtername": "name",
      "filterlabel": { "eng": "Center Name", "ara": "اسم المركز", "fra": "Nom du centre" },
      "filterType": "equals",
      "fieldType": "input",
      "autocomplete": "false",
      "dropdown": "false",
      "datePicker": "false",
      "apiName": "registrationcenters",
      "fieldName": "name",
      "methodCallName": ""
    },
    {
      "filtername": "centerTypeName",
      "filterlabel": { "eng": "Center Type", "ara":"نوع المركز", "fra": "Type de centre" },
      "filterType": "contains",
      "fieldType": "mat-select",
      "autocomplete": "false",
      "dropdown": "true",
      "datePicker": "false",
      "apiName": "registrationcentertypes",
      "fieldName": "name",
      "methodCallName": ""
    },
    {
      "filtername": "isActive",
      "filterlabel": { "eng": "Status", "ara":"الحالة", "fra": "Statut" },
      "filterType": "contains",
      "fieldType": "input",
      "autocomplete": "false",
      "dropdown": "true",
      "datePicker": "false",
      "apiName": "registrationcenters",
      "fieldName": "isActive",
      "methodCallName": ""
    },
    {
      "filtername": "region",
      "filterlabel": { "eng": "Region", "ara":"منطقة", "fra": "Région" },
      "filterType": "contains",
      "fieldType": "input",
      "autocomplete": "true",
      "dropdown": "false",
      "datePicker": "false",
      "apiName": "locations",
      "fieldName": "Region",
      "methodCallName": ""
    },
    {
      "filtername": "province",
      "filterlabel": { "eng": "Province", "ara":"المحافظة", "fra": "Province" },
      "filterType": "contains",
      "fieldType": "input",
      "autocomplete": "true",
      "dropdown": "false",
      "datePicker": "false",
      "apiName": "locations",
      "fieldName": "Province",
      "methodCallName": ""
    },
    {
      "filtername": "city",
      "filterlabel": { "eng": "City", "ara":"مدينة", "fra": "Ville" },
      "uiField": "string",
      "filterType": "contains",
      "fieldType": "input",
      "autocomplete": "true",
      "dropdown": "false",
      "datePicker": "false",
      "apiName": "locations",
      "fieldName": "City",
      "methodCallName": ""
    },
    {
      "filtername": "Zone",
      "filterlabel": { "eng": "Zone", "ara":"منطقة", "fra": "Zone" },
      "filterType": "contains",
      "fieldType": "input",
      "autocomplete": "true",
      "dropdown": "false",
      "datePicker": "false",
      "apiName": "locations",
      "fieldName": "Zone",
      "methodCallName": ""
    },
    {
      "filtername": "postalCode",
      "filterlabel": { "eng": "Pin Code", "ara":"الرقم السري", "fra": "Code PIN" },
      "filterType": "contains",
      "fieldType": "input",
      "autocomplete": "true",
      "dropdown": "false",
      "datePicker": "false",
      "apiName": "locations",
      "fieldName": "Postal Code",
      "methodCallName": ""
    }
  ]
}
