{
  "auditEventIds": ["ADM-028", "ADM-050"],
  "actionButtons": [
    {
      "buttonName": {
        "eng": "Activate",
        "ara": "تنشيط",
        "fra": "déclencher"
      },
      "actionURL": "",
      "redirectURL": "",
      "showIn": "Ellipsis",
      "validations": "",
      "callBackFunction": "activateCenter"
    },
    {
      "buttonName": {
        "eng": "Deactivate",
        "ara": "الغاء تنشيط",
        "fra": "désactiver"
      },
      "actionURL": "",
      "redirectURL": "",
      "showIn": "Ellipsis",
      "validations": "",
      "callBackFunction": "deactivateCenter"
    },
    {
      "buttonName": {
        "eng": "Edit",
        "ara": "تصحيح",
        "fra": "modifier"
      },
      "actionURL": "",
      "redirectURL": "/admin/masterdata/device-specs/single-view/$id",
      "showIn": "Ellipsis",
      "validations": "",
      "callBackFunction": "centerEdit"
    },
    {
      "buttonName": {
        "eng": "Create",
        "ara": "إضافة مركز",
        "fra": "Ajouter le centre"
      },
      "imagePath": "assets/images/add-icon.png",
      "actionListType": "redirect",
      "actionURL": "",
      "redirectURL": "admin/masterdata/device-specs/create",
      "showIn": "Button",
      "validations": ""
    },
    {
      "buttonName": { "eng": "Filter", "ara": "تصفيه", "fra": "filtre" },
      "imagePath": "assets/images/filter.png",
      "actionListType": "action",
      "actionURL": { "case": "filter" },
      "redirectURL": "",
      "showIn": "Button",
      "validations": ""
    }
  ],
  "columnsToDisplay": [
    {
      "name": "id",
      "showInListView": "false",
      "showInSingleView": "false",
      "label": {
        "eng": "Machine Spec ID",
        "ara": "معرف الجهاز المواصفات",
        "fra": "ID de spécification"
      },
      "sortOrder": "3",
      "showAsLink": "",
      "linkType": "",
      "LinkURL": ""
    },
    {
      "name": "name",
      "showInListView": "true",
      "showInSingleView": "true",
      "label": { "eng": "Name", "ara": "اسم", "fra": "prénom" },
      "sortOrder": "",
      "showAsLink": "",
      "linkType": "",
      "LinkURL": "",
      "inputType": "text",
      "ismandatory": "true"
    },
    {
      "name": "brand",
      "showInListView": "true",
      "showInSingleView": "true",
      "label": { "eng": "Brand", "ara": "علامة تجارية", "fra": "Marque" },
      "sortOrder": "",
      "showAsLink": "",
      "linkType": "",
      "LinkURL": "",
      "inputType": "text",
      "ismandatory": "true"
    },
    {
      "name": "model",
      "showInListView": "true",
      "showInSingleView": "true",
      "label": { "eng": "Model", "ara": "نموذج", "fra": "Modèle" },
      "sortOrder": "",
      "showAsLink": "",
      "linkType": "",
      "LinkURL": "",
      "inputType": "text",
      "ismandatory": "true"
    },
    {
      "name": "deviceTypeName",
      "showInListView": "true",
      "showInSingleView": "false",
      "label": {
        "eng": "Device Type",
        "ara": "نوع الجهاز",
        "fra": "Type de Device"
      },
      "sortOrder": "",
      "showAsLink": "",
      "linkType": "",
      "LinkURL": "",
      "inputType": "text",
      "ismandatory": "true"
    },
    {
      "name": "deviceTypeCode",
      "showInListView": "false",
      "showInSingleView": "true",
      "label": {
        "eng": "Device Type",
        "ara": "نوع الجهاز",
        "fra": "Type de Device"
      },
      "sortOrder": "",
      "showAsLink": "",
      "linkType": "",
      "LinkURL": "",
      "inputType": "dropdown",
      "ismandatory": "true"
    },
    {
      "name": "minDriverversion",
      "showInListView": "false",
      "showInSingleView": "true",
      "label": {
        "eng": "Minimum Driver Version",
        "ara": "الحد الأدنى لإصدار برنامج التشغيل ",
        "fra": "Minimum Driver Version"
      },
      "sortOrder": "",
      "showAsLink": "",
      "linkType": "",
      "LinkURL": "",
      "inputType": "text",
      "ismandatory": "true"
    },
    {
      "name": "description",
      "showInListView": "false",
      "showInSingleView": "true",
      "label": { "eng": "Description", "ara": " وصف", "fra": "La description" },
      "sortOrder": "",
      "showAsLink": "",
      "linkType": "",
      "LinkURL": "",
      "inputType": "text",
      "ismandatory": "true"
    },
    {
      "name": "isActive",
      "showInListView": "true",
      "showInSingleView": "true",
      "label": { "eng": "Status", "ara": "نشط", "fra": "c'est actif" },
      "sortOrder": "",
      "showAsLink": "false",
      "linkType": "",
      "LinkURL": "",
      "inputType": "dropdown",
      "ismandatory": "true"
    },
    {
      "name": "createdDateTime",
      "showInListView": "true",
      "showInSingleView": "false",
      "label": {
        "eng": "Created Time",
        "ara": "الوقت الذي تم إنشاؤه",
        "fra": "Temps créé"
      },
      "sortOrder": "",
      "showAsLink": "",
      "linkType": "",
      "LinkURL": ""
    },
    {
      "name": "createdBy",
      "showInListView": "false",
      "showInSingleView": "false",
      "label": {
        "eng": "Created By",
        "ara": "تم إنشاؤه من قبل",
        "fra": "Créé par"
      },
      "sortOrder": "",
      "showAsLink": "",
      "linkType": "",
      "LinkURL": ""
    },
    {
      "name": "updatedBy",
      "showInListView": "false",
      "showInSingleView": "false",
      "label": {
        "eng": "Updated By",
        "ara": "تم التحديث بواسطة",
        "fra": "Mise à jour par"
      },
      "sortOrder": "",
      "showAsLink": "",
      "linkType": "",
      "LinkURL": ""
    },
    {
      "name": "updatedDateTime",
      "showInListView": "false",
      "showInSingleView": "false",
      "label": {
        "eng": "Updated Time",
        "ara": "وقت التحديث",
        "fra": "Temps mis à jour"
      },
      "sortOrder": "3",
      "showAsLink": "",
      "linkType": "",
      "LinkURL": ""
    }
  ],
  "paginator": {
    "totalEntries": null,
    "pageSize": "10",
    "pageSizeList": [10, 20, 30, 40, 50]
  },
  "filterColumns": [
    {
      "filtername": "name",
      "filterlabel": { "eng": "Name", "ara": "اسم", "fra": "prénom" },
      "filterType": "equals",
      "autocomplete": "false",
      "dropdown": "false",
      "datePicker": "false",
      "apiName": "devicespecifications",
      "fieldName": "name",
      "methodCallName": ""
    },
    {
      "filtername": "isActive",
      "filterlabel": { "eng": "Status", "ara": "نشط", "fra": "Statut" },
      "filterType": "equals",
      "autocomplete": "false",
      "dropdown": "true",
      "datePicker": "false",
      "apiName": "devicespecifications",
      "fieldName": "isActive",
      "methodCallName": ""
    },
    {
      "filtername": "brand",
      "filterlabel": { "eng": "Brand", "ara": "علامة تجارية", "fra": "Marque" },
      "filterType": "equals",
      "autocomplete": "false",
      "dropdown": "fasle",
      "datePicker": "false",
      "apiName": "devicespecifications",
      "fieldName": "brand",
      "methodCallName": ""
    },
    {
      "filtername": "model",
      "filterlabel": { "eng": "Model", "ara": "نموذج", "fra": "Modèle" },
      "filterType": "equals",
      "autocomplete": "false",
      "dropdown": "fasle",
      "datePicker": "false",
      "apiName": "devicespecifications",
      "fieldName": "model",
      "methodCallName": ""
    },
    {
      "filtername": "deviceTypeName",
      "filterlabel": {
        "eng": "Device Type",
        "ara": "نوع الجهاز",
        "fra": "Type de Device"
      },
      "filterType": "equals",
      "autocomplete": "false",
      "dropdown": "true",
      "datePicker": "false",
      "apiName": "devicespecifications",
      "fieldName": "name",
      "methodCallName": ""
    }
  ]
}
