{
  "auditEventIds": ["ADM-027", "ADM-049"],
  "actionButtons": [],
  "columnsToDisplay": [
    {
      "name": "certSignRequest",
      "showInListView": "true",
      "label": { "eng": "Sign Request", "ara": "مركز ", "fra": "Centre" },
      "sortOrder": "3",
      "showAsLink": "",
      "linkType": "",
      "LinkURL": ""
    },
    {
      "name": "certificate",
      "showInListView": "true",
      "label": {"eng": "Certificate", "ara": "نوع المركز", "fra": "Type de centre"},
      "sortOrder": "",
      "showAsLink": "",
      "linkType": "",
      "LinkURL": ""
    },
    {
      "name": "expiryAt",
      "showInListView": "true",
      "label": {"eng": "Expiry At","ara": "المستخدمين","fra": "Utilisateur"},
      "sortOrder": "",
      "showAsLink": "",
      "linkType": "",
      "LinkURL": ""
    },
    {
      "name": "issuedAt",
      "showInListView": "true",
      "label": {"eng": "Issued At", "ara": "الأجهزة", "fra": "Dispositifs"},
      "sortOrder": "",
      "showAsLink": "",
      "linkType": "",
      "LinkURL": ""
    },
    {
      "name": "timeStamp",
      "showInListView": "true",
      "label": {"eng": "Date Time", "ara": "هاتف مُتَكَون", "fra": "Téléphone Contact"},
      "sortOrder": "",
      "showAsLink": "",
      "linkType": "",
      "LinkURL": ""
    }
  ],
  "paginator": {
    "totalEntries": null,
    "pageSize": "10",
    "pageSizeList": [10, 20, 30, 40, 50]
  },
  "filterColumns": [
  ]
}