{
  "auditEventIds": ["ADM-034", "ADM-056"],
  "actionButtons": [
     {
      "buttonName": {
        "eng": "Activate",
        "ara": "تنشيط",
        "fra": "déclencher"
      },
      "actionURL": "",
      "redirectURL": "",
      "showIn": "Ellipsis",
      "validations": "",
      "callBackFunction": "activateCenter"
    },
    {
      "buttonName": {
        "eng": "Deactivate",
        "ara": "الغاء تنشيط",
        "fra": "désactiver"
      },
      "actionURL": "",
      "redirectURL": "",
      "showIn": "Ellipsis",
      "validations": "",
      "callBackFunction": "deactivateCenter"
    },
    {
      "buttonName": {
        "eng": "Edit",
        "ara": "تصحيح",
        "fra": "modifier"
      },
      "actionURL": "",
      "redirectURL": "/admin/masterdata/holiday/single-view/$id",
      "showIn": "Ellipsis",
      "validations": "",
      "callBackFunction": "centerEdit"
    },
    {
      "buttonName": {
        "eng": "Create",
        "ara": "إضافة مركز",
        "fra": "Ajouter le centre"
      },
      "imagePath": "assets/images/add-icon.png",
      "actionListType": "redirect",
      "actionURL": "",
      "redirectURL": "admin/masterdata/holiday/create",
      "showIn": "Button",
      "validations": ""
    },
    {
      "buttonName": { "eng": "Filter", "ara": "تصفيه", "fra": "filtre" },
      "imagePath": "assets/images/filter.png",
      "actionListType": "action",
      "actionURL": { "case": "filter" },
      "redirectURL": "",
      "showIn": "Button",
      "validations": ""
    },
    {
      "buttonName": { 
        "eng": "Holiday not available in English", 
        "ara": "عطلة غير متوفرة باللغة العربية", 
        "fra": "Vacances non disponibles en français" 
      },
      "imagePath": "",
      "actionListType": "action",
      "actionURL": { 
        "case": "missingData",
        "title": { 
          "eng": "Holiday not available in English", 
          "ara": "عطلة غير متوفرة باللغة العربية", 
          "fra": "Vacances non disponibles en français" 
        },
        "columnNames": [{ 
          "eng": "Holiday Name",
          "ara": "اسم العطلة",
          "fra": "Nom des vacances"
        },{ 
          "eng": "Holiday Id", 
          "ara": "اسم", 
          "fra": "Id de vacances" 
        }],
        "fieldName": "holidayName"
      },
      "redirectURL": "",
      "showIn": "Button",
      "validations": ""
    }
  ],
  "columnsToDisplay": [
    {
      "name": "holidayName",
      "showInListView": "true",
      "showInSingleView": "true",
      "label": {
        "eng": "Holiday Name",
        "ara": "اسم العطلة",
        "fra": "Nom des vacances"
      },
      "sortOrder": "",
      "showAsLink": "",
      "linkType": "",
      "LinkURL": "",
      "inputType": "text",
      "ismandatory": "true"
    },
    {
      "name": "holidayDesc",
      "showInListView": "false",
      "showInSingleView": "true",
      "label": { "eng": "Description", "ara": "وصف", "fra": "description" },
      "sortOrder": "",
      "showAsLink": "",
      "linkType": "",
      "LinkURL": "",
      "inputType": "text",
      "ismandatory": "true"
    },
    {
      "name": "holidayDate",
      "showInListView": "true",
      "showInSingleView": "true",
      "label": { "eng": "Holiday Date", "ara": "تاريخ", "fra": "date" },
      "sortOrder": "3",
      "showAsLink": "",
      "linkType": "",
      "LinkURL": "",
      "inputType": "calendar",
      "ismandatory": "true"
    },
    {
      "name": "locationCode",
      "showInSingleView": "true",
      "showInListView": "false",
      "label": { "eng": "Location", "ara": "موقع", "fra": "Emplacement" },
      "sortOrder": "",
      "showAsLink": "",
      "linkType": "",
      "LinkURL": "",
      "inputType": "dropdown",
      "ismandatory": "true"
    },
    {
      "name": "isActive",
      "showInListView": "true",
      "showInSingleView": "false",
      "label": { "eng": "Status", "ara": "حاله", "fra": "statut" },
      "sortOrder": "",
      "showAsLink": "false",
      "linkType": "",
      "LinkURL": "",
      "inputType": "dropdown",
      "ismandatory": "true"
    },
    {
      "name": "createdDateTime",
      "showInSingleView": "true",
      "showInListView": "false",
      "label": {
        "eng": "Created Time",
        "ara": "الوقت الذي تم إنشاؤه",
        "fra": "Temps créé"
      },
      "sortOrder": "",
      "showAsLink": "",
      "linkType": "",
      "LinkURL": ""
    },

    {
      "name": "updatedBy",
      "showInListView": "false",
      "showInSingleView": "true",
      "label": {
        "eng": "Updated By",
        "ara": "تم التحديث بواسطة",
        "fra": "Mise à jour par"
      },
      "sortOrder": "",
      "showAsLink": "",
      "linkType": "",
      "LinkURL": ""
    }
  ],
  "paginator": {
    "totalEntries": null,
    "pageSize": "10",
    "pageSizeList": [10, 20, 30, 40, 50]
  },
  "filterColumns": [
    {
      "filtername": "holidayDateFrom",
      "filterlabel": { "eng": "Holiday Date From", "ara": "تاريخ عطلة من", "fra": "Date de vacances de" },
      "filterType": "between",
      "autocomplete": "false",
      "dropdown": "false",
      "datePicker": "true",
      "apiName": "holidays",
      "fieldName": "holidayDate",
      "methodCallName": ""
    },
    {
      "filtername": "holidayDateTo",
      "filterlabel": { "eng": "Holiday Date To", "ara": "تاريخ عطلة ل", "fra": "Date de vacances à" },
      "filterType": "between",
      "autocomplete": "false",
      "dropdown": "false",
      "datePicker": "true",
      "apiName": "holidays",
      "fieldName": "holidayDate",
      "methodCallName": ""
    },
    {
      "filtername": "holidayName",
      "filterlabel": {
        "eng": "Holiday Name",
        "ara": "اسم العطلة",
        "fra": "Nom des vacances"
      },
      "filterType": "equals",
      "autocomplete": "false",
      "dropdown": "false",
      "datePicker": "false",
      "apiName": "holidays",
      "fieldName": "holidayName",
      "methodCallName": ""
    },
    {
      "filtername": "isActive",
      "filterlabel": { "eng": "Status", "ara": "حاله", "fra": "statut" },
      "filterType": "equals",
      "autocomplete": "false",
      "dropdown": "true",
      "datePicker": "false",
      "apiName": "holidays",
      "fieldName": "isActive",
      "methodCallName": ""
    }
  ]
}
