{
  "auditEventIds": ["ADM-036", "ADM-058"],
  "actionButtons": [
    {
      "buttonName": {
        "eng": "Activate",
        "ara": "تنشيط",
        "fra": "déclencher"
      },
      "actionURL": "",
      "redirectURL": "",
      "showIn": "Ellipsis",
      "validations": "",
      "callBackFunction": "activateCenter"
    },
    {
      "buttonName": {
        "eng": "Deactivate",
        "ara": "الغاء تنشيط",
        "fra": "désactiver"
      },
      "actionURL": "",
      "redirectURL": "",
      "showIn": "Ellipsis",
      "validations": "",
      "callBackFunction": "deactivateCenter"
    },
    {
      "buttonName": {
        "eng": "Edit",
        "ara": "تصحيح",
        "fra": "modifier"
      },
      "actionURL": "",
      "redirectURL": "/admin/masterdata/location/single-view/$id",
      "showIn": "Ellipsis",
      "validations": "",
      "callBackFunction": "centerEdit"
    },
    {
      "buttonName": {
        "eng": "Create",
        "ara": "إضافة مركز",
        "fra": "Ajouter le centre"
      },
      "imagePath": "assets/images/add-icon.png",
      "actionListType": "redirect",
      "actionURL": "",
      "redirectURL": "admin/masterdata/location/create",
      "showIn": "Button",
      "validations": ""
    },
    {
      "buttonName": { "eng": "Filter", "ara": "تصفيه", "fra": "filtre" },
      "imagePath": "assets/images/filter.png",
      "actionListType": "action",
      "actionURL": { "case": "filter" },
      "redirectURL": "",
      "showIn": "Button",
      "validations": ""
    }
  ],
  "columnsToDisplay": [
    {
      "name": "postalCode",
      "showInListView": "true",
      "showInSingleView": "false",
      "label": {
        "eng": "Postal Code",
        "ara": "رمز",
        "fra": "code postal"
      },
      "sortOrder": "",
      "showAsLink": "false",
      "linkType": "",
      "LinkURL": "",
      "idKey": "id",
      "inputType": "text",
      "ismandatory": "true"
    },
    {
      "name": "zone",
      "showInListView": "true",
      "showInSingleView": "false",
      "label": {
        "eng": "Zone",
        "ara": "منطقة",
        "fra": "Zone"
      },
      "sortOrder": "",
      "showAsLink": "false",
      "linkType": "",
      "LinkURL": "",
      "idKey": "id",
      "inputType": "text",
      "ismandatory": "true"
    },

    {
      "name": "city",
      "showInListView": "true",
      "showInSingleView": "false",
      "label": {
        "eng": "City",
        "ara": "مدينة",
        "fra": "ville"
      },
      "sortOrder": "",
      "showAsLink": "false",
      "linkType": "",
      "LinkURL": "",
      "idKey": "code",
      "inputType": "text",
      "ismandatory": "true"
    },
    {
      "name": "province",
      "showInListView": "true",
      "showInSingleView": "false",
      "label": { "eng": "Province", "ara": "المحافظة", "fra": "Province" },
      "sortOrder": "",
      "showAsLink": "false",
      "linkType": "",
      "LinkURL": "",
      "idKey": "code",
      "inputType": "text",
      "ismandatory": "true"
    },
    {
      "name": "region",
      "showInListView": "true",
      "showInSingleView": "false",
      "label": { "eng": "Region", "ara": "منطقة", "fra": "Région" },
      "sortOrder": "",
      "showAsLink": "false",
      "linkType": "",
      "LinkURL": "",
      "idKey": "code",
      "inputType": "text",
      "ismandatory": "true"
    },
    {
      "name": "isActive",
      "showInListView": "true",
      "showInSingleView": "true",
      "label": { "eng": "Status", "ara": "نشط", "fra": "c'est actif" },
      "sortOrder": "",
      "showAsLink": "false",
      "linkType": "",
      "LinkURL": "",
      "inputType": "dropdown",
      "ismandatory": "true"
    },
    {
      "name": "createdDateTime",
      "showInListView": "true",
      "showInSingleView": "false",
      "label": {
        "eng": "Created Time",
        "ara": "الوقت الذي تم إنشاؤه",
        "fra": "Temps créé"
      },
      "sortOrder": "",
      "showAsLink": "",
      "linkType": "",
      "LinkURL": ""
    },
    {
      "name": "createdBy",
      "showInListView": "false",
      "showInSingleView": "false",
      "label": {
        "eng": "Created By",
        "ara": "تم إنشاؤه من قبل",
        "fra": "Créé par"
      },
      "sortOrder": "",
      "showAsLink": "",
      "linkType": "",
      "LinkURL": ""
    },
    {
      "name": "updatedBy",
      "showInListView": "false",
      "showInSingleView": "false",
      "label": {
        "eng": "Updated By",
        "ara": "تم التحديث بواسطة",
        "fra": "Mise à jour par"
      },
      "sortOrder": "",
      "showAsLink": "",
      "linkType": "",
      "LinkURL": ""
    },
    {
      "name": "updatedDateTime",
      "showInListView": "false",
      "showInSingleView": "false",
      "label": {
        "eng": "Updated Time",
        "ara": "وقت التحديث",
        "fra": "Temps mis à jour"
      },
      "sortOrder": "3",
      "showAsLink": "",
      "linkType": "",
      "LinkURL": ""
    }
  ],
  "paginator": {
    "totalEntries": null,
    "pageSize": "10",
    "pageSizeList": [10, 20, 30, 40, 50]
  },
  "filterColumns": [
    {
      "filtername": "isActive",
      "filterlabel": { "eng": "Status", "ara": "نشط", "fra": "Statut" },
      "filterType": "contains",
      "fieldType": "input",
      "autocomplete": "false",
      "dropdown": "true",
      "datePicker": "false",
      "apiName": "locations",
      "fieldName": "isActive",
      "methodCallName": ""
    },
    {
      "filtername": "region",
      "filterlabel": { "eng": "Region", "ara": "منطقة", "fra": "Région" },
      "filterType": "contains",
      "fieldType": "input",
      "autocomplete": "true",
      "dropdown": "false",
      "datePicker": "false",
      "apiName": "locations",
      "fieldName": "Region",
      "methodCallName": ""
    },
    {
      "filtername": "province",
      "filterlabel": { "eng": "Province", "ara":"المحافظة", "fra": "Province" },
      "filterType": "contains",
      "fieldType": "input",
      "autocomplete": "true",
      "dropdown": "false",
      "datePicker": "false",
      "apiName": "locations",
      "fieldName": "Province",
      "methodCallName": ""
    },
    {
      "filtername": "city",
      "filterlabel":{ "eng": "City", "ara":"مدينة", "fra": "Ville" },
      "uiField": "string",
      "filterType": "contains",
      "fieldType": "input",
      "autocomplete": "true",
      "dropdown": "false",
      "datePicker": "false",
      "apiName": "locations",
      "fieldName": "City",
      "methodCallName": ""
    },
    {
      "filtername": "Zone",
      "filterlabel": { "eng": "Zone", "ara":"منطقة", "fra": "Zone" },
      "filterType": "contains",
      "fieldType": "input",
      "autocomplete": "true",
      "dropdown": "false",
      "datePicker": "false",
      "apiName": "locations",
      "fieldName": "Zone",
      "methodCallName": ""
    },
    {
      "filtername": "postalCode",
      "filterlabel": { "eng": "Pin Code", "ara":"الرقم السري", "fra": "Code PIN" },
      "filterType": "contains",
      "fieldType": "input",
      "autocomplete": "true",
      "dropdown": "false",
      "datePicker": "false",
      "apiName": "locations",
      "fieldName": "Postal Code",
      "methodCallName": ""
    }
  ]
}
