{
  "auditEventIds": ["ADM-039", "ADM-061"],
  "actionButtons": [
    {
      "buttonName": {
        "eng": "Activate",
        "ara": "تنشيط",
        "fra": "déclencher"
      },
      "actionURL": "",
      "redirectURL": "",
      "showIn": "Ellipsis",
      "validations": "",
      "callBackFunction": "activateCenter"
    },
    {
      "buttonName": {
        "eng": "Deactivate",
        "ara": "الغاء تنشيط",
        "fra": "désactiver"
      },
      "actionURL": "",
      "redirectURL": "",
      "showIn": "Ellipsis",
      "validations": "",
      "callBackFunction": "deactivateCenter"
    },
    {
      "buttonName": {
        "eng": "Decommission",
        "ara": "وقف التشغيل",
        "fra": "mettre hors service"
      },
      "actionURL": "",
      "redirectURL": "",
      "showIn": "Ellipsis",
      "validations": "",
      "callBackFunction": "decommission"
    },
    {
      "buttonName": {
        "eng": "Edit",
        "ara": "تصحيح",
        "fra": "modifier"
      },
      "actionURL": "",
      "redirectURL": "/admin/resources/machines/single-view/$id",
      "showIn": "Ellipsis",
      "validations": "",
      "callBackFunction": "centerEdit"
    },
    {
      "buttonName": {
        "eng": "Create Machine",
        "ara": "إضافة مركز",
        "fra": "Ajouter le centre"
      },
      "imagePath": "assets/images/add-icon.png",
      "actionListType": "redirect",
      "actionURL": "",
      "redirectURL": "admin/resources/machines/create",
      "showIn": "Button",
      "validations": ""
    },
    {
      "buttonName": { "eng": "Filter", "ara": "تصفيه", "fra": "filtre" },
      "imagePath": "assets/images/filter.png",
      "actionListType": "action",
      "actionURL": { "case": "filter" },
      "redirectURL": "",
      "showIn": "Button",
      "validations": ""
    }
  ],
  "columnsToDisplay": [
    {
      "name": "name",
      "showInListView": "true",
      "label": {
        "eng": "Machine Name",
        "ara": "اسم الجهاز",
        "fra": "Nom de la machine"
      },
      "sortOrder": "3",
      "showAsLink": "",
      "linkType": "",
      "LinkURL": ""
    },
    {
      "name": "machineTypeName",
      "showInListView": "true",
      "label": {
        "eng": "Machine Type",
        "ara": "نوع الجهاز",
        "fra": "Type de machine"
      },
      "sortOrder": "",
      "showAsLink": "",
      "linkType": "",
      "LinkURL": ""
    },
    {
      "name": "isActive",
      "showInListView": "true",
      "label": { "eng": "Status", "ara": "حاله", "fra": "statut" },
      "sortOrder": "",
      "showAsLink": "false",
      "linkType": "",
      "LinkURL": ""
    },
    {
      "name": "macAddress",
      "showInListView": "",
      "label": { "eng": "Mac Address", "ara": "عنوان", "fra": "Mac Adresse" },
      "sortOrder": "",
      "showAsLink": "",
      "linkType": "",
      "LinkURL": ""
    },
    {
      "name": "serialNum",
      "showInListView": "",
      "label": {
        "eng": "Serial Number",
        "ara": "الرقم التسلسلي",
        "fra": "numéro"
      },
      "sortOrder": "",
      "showAsLink": "",
      "linkType": "",
      "LinkURL": ""
    },
    {
      "name": "mapStatus",
      "showInListView": "",
      "label": {
        "eng": "Map Status",
        "ara": "تعيين الحالة",
        "fra": "Attribuer un statut"
      },
      "sortOrder": "",
      "showAsLink": "",
      "linkType": "",
      "LinkURL": ""
    },
    {
      "name": "createdDateTime",
      "showInListView": "",
      "label": {
        "eng": "Created Time",
        "ara": "الوقت الذي تم إنشاؤه",
        "fra": "Temps créé"
      },
      "sortOrder": "",
      "showAsLink": "",
      "linkType": "",
      "LinkURL": ""
    }
  ],
  "paginator": {
    "totalEntries": null,
    "pageSize": "10",
    "pageSizeList": [10, 20, 30, 40, 50]
  },
  "filterColumns": [
    {
      "filtername": "name",
      "filterlabel": {
        "eng": "Machine Name",
        "ara": "اسم الجهاز",
        "fra": "Nom de la machine"
      },
      "filterType": "equals",
      "autocomplete": "false",
      "dropdown": "false",
      "datePicker": "false",
      "apiName": "machines",
      "fieldName": "name",
      "methodCallName": ""
    },
    {
      "filtername": "isActive",
      "filterlabel": {
        "eng": "Status",
        "ara": "حاله",
        "fra": "statut"
      },
      "filterType": "equals",
      "autocomplete": "false",
      "dropdown": "true",
      "datePicker": "false",
      "apiName": "machines",
      "fieldName": "isActive",
      "methodCallName": ""
    },
    {
      "filtername": "macAddress",
      "filterlabel": { "eng": "MAC Address", "ara":"عنوان ماك", "fra": "Adresse Mac" },
      "filterType": "equals",
      "autocomplete": "false",
      "dropdown": "false",
      "datePicker": "false",
      "apiName": "machines",
      "fieldName": "macAddress",
      "methodCallName": ""
    },
    {
      "filtername": "serialNum",
      "filterlabel": {"eng":"Serial Number","ara":"رقم سري", "fra": "Numéro de série"},
      "filterType": "equals",
      "autocomplete": "false",
      "dropdown": "false",
      "datePicker": "false",
      "apiName": "machines",
      "fieldName": "serialNum",
      "methodCallName": ""
    },
    {
      "filtername": "mapStatus",
      "filterlabel": {"eng":"Map Status","ara":"خريطة الحالة", "fra": "État de la carte"},
      "filterType": "equals",
      "autocomplete": "false",
      "dropdown": "true",
      "datePicker": "false",
      "apiName": "machines",
      "fieldName": "mapStatus",
      "methodCallName": ""
    },
    {
      "filtername": "machineTypeName",
      "filterlabel": {
        "eng": "Machine Type",
        "ara": "نوع الجهاز",
        "fra": "Type de machine"
      },
      "filterType": "equals",
      "autocomplete": "false",
      "dropdown": "true",
      "datePicker": "false",
      "apiName": "machinetypes",
      "fieldName": "name",
      "methodCallName": ""
    }
  ]
}
