{
    "masterDatatList": {
      "common": [
        {
          "label": {
            "eng": "Center Types",
            "ara": "نوع المركز",
            "fra": "Type de centre"
          },
          "actionURL": "admin/masterdata/center-type/view",
          "auditEventId": "ADM-010"
        },
        {
          "label": {
            "eng": "Blacklisted Words",
            "ara": "كلمات في القائمة السوداء",
            "fra": "Mots sur la liste noire"
          },
          "actionURL": "admin/masterdata/blacklisted-words/view",
          "auditEventId": "ADM-011"
        },
        {
          "label": {
            "eng": "List Of Holidays",
            "ara": "قائمة عطلة",
            "fra": "Liste de vacances"
          },
          "actionURL": "admin/masterdata/holiday/view",
          "auditEventId": "ADM-014"
        },
        {
          "label": {
            "eng": "Templates",
            "ara": "قوالب",
            "fra": "Modèles"
          },
          "actionURL": "admin/masterdata/templates/view",
          "auditEventId": "ADM-016"
        }
      ],
      "deviceDefinition": [
        {
          "label": {
            "eng": "Device Specs",
            "ara": "مواصفات الجهاز",
            "fra": "Spécifications de l'appareil"
          },
          "actionURL": "admin/masterdata/device-specs/view",
          "auditEventId": "ADM-018"
        },
        {
          "label": {
            "eng": "Device Types",
            "ara": "أنواع الأجهزة",
            "fra": "Types de périphériques"
          },
          "actionURL": "admin/masterdata/device-types/view",
          "auditEventId": "ADM-019"
        }
      ],
      "machineDefinition": [
        {
          "label": {
            "eng": "Machine Specs",
            "ara": "المواصفات الجهاز",
            "fra": "Spécifications de la machine"
          },
          "actionURL": "admin/masterdata/machine-specs/view",
          "auditEventId": "ADM-020"
        },
        {
          "label": {
            "eng": "Machine Types",
            "ara": "أنواع الآلات",
            "fra": "Types de machines"
          },
          "actionURL": "admin/masterdata/machine-type/view",
          "auditEventId": "ADM-021"
        }
      ],
      "documentDefinition": [
        {
          "label": {
            "eng": "Document Types",
            "ara": "أنواع المستندات",
            "fra": "Types de documents"
          },
          "actionURL": "admin/masterdata/document-type/view",
          "auditEventId": "ADM-022"
        },
        {
          "label": {
            "eng": "Document Categories",
            "ara": "فئات المستندات",
            "fra": "Catégories de document"
          },
          "actionURL": "admin/masterdata/document-categories/view",
          "auditEventId": "ADM-023"
        },
        {
          "label": {
            "eng": "Document Category - Type Mapping",
            "ara": "فئة الوثيقة - نوع التعيين",
            "fra": "Catégorie de document - Mappage de types"
          },
          "actionURL": "admin/masterdata/documentCategoryMapping",
          "auditEventId": "ADM-024"
        }
      ]
    }
  }