{
  "auditEventIds": ["ADM-027", "ADM-049"],
  "actionButtons": [
    {
      "buttonName": {
        "eng": "Upload Packet",
        "ara": "إضافة مركز",
        "fra": "Ajouter le centre"
      },
      "imagePath": "assets/images/add-icon.png",
      "actionListType": "redirect",
      "actionURL": "",
      "redirectURL": "admin/bulkupload/packetupload/create",
      "showIn": "Button",
      "validations": ""
    }
  ],
  "columnsToDisplay": [
    {
      "name": "transcationId",
      "showInListView": "true",
      "label": { "eng": "Transcation ID", "ara": "مركز ", "fra": "Centre" },
      "sortOrder": "3",
      "showAsLink": "",
      "linkType": "",
      "LinkURL": ""
    },
    {
      "name": "status",
      "showInListView": "",
      "label": {"eng": "Status", "ara": "الأجهزة", "fra": "Dispositifs"},
      "sortOrder": "",
      "showAsLink": "",
      "linkType": "",
      "LinkURL": ""
    },
    {
      "name": "count",
      "showInListView": "",
      "label": {"eng": "Count","ara": "المستخدمين","fra": "Utilisateur"},
      "sortOrder": "",
      "showAsLink": "",
      "linkType": "",
      "LinkURL": ""
    },    
    {
      "name": "uploadedBy",
      "showInListView": "",
      "label": {"eng": "Uploaded By", "ara": "آلات", "fra": "Machines"},
      "sortOrder": "",
      "showAsLink": "",
      "linkType": "",
      "LinkURL": ""
    },
    {
      "name": "timeStamp",
      "showInListView": "",
      "label": {"eng": "Date Time", "ara": "هاتف مُتَكَون", "fra": "Téléphone Contact"},
      "sortOrder": "",
      "showAsLink": "",
      "linkType": "",
      "LinkURL": ""
    }
  ],
  "paginator": {
    "totalEntries": null,
    "pageSize": "10",
    "pageSizeList": [10, 20, 30, 40, 50]
  },
  "filterColumns": [
  ]
}
