{
  "auditEventIds": ["ADM-030", "ADM-052"],
  "actionButtons": [
    {
      "buttonName": {
        "eng": "Resume Processing and Remove Hotlisted Tag",
        "ara": "استئناف المعالجة وإزالة العلامة المدرجة في القائمة الساخنة",
        "fra": "Reprendre le traitement et supprimer la balise de la liste sensible"
      },
      "actionURL": "",
      "redirectURL": "",
      "showIn": "Ellipsis",
      "validations": "",
      "callBackFunction": "resumeprocessingandremovehotlistedtag"
    },
    {
      "buttonName": {
        "eng": "Resume from Beginning",
        "ara": "استئناف من البداية",
        "fra": "Reprendre depuis le début"
      },
      "actionURL": "",
      "redirectURL": "",
      "showIn": "Ellipsis",
      "validations": "",
      "callBackFunction": "resumefrombeginning"
    },
    {
      "buttonName": {
        "eng": "Resume from Beginning and Remove Hotlisted Tag",
        "ara": "استئناف من البداية وإزالة العلامة المدرجة في القائمة الساخنة",
        "fra": "Reprendre depuis le début et supprimer le tag de la Hotlist"
      },
      "actionURL": "",
      "redirectURL": "",
      "showIn": "Ellipsis",
      "validations": "",
      "callBackFunction": "resumefrombeginningandremovehotlistedtag"
    },
    {
      "buttonName": {
        "eng": "Stop Processing",
        "ara": "توقف عن المعالجة",
        "fra": "Arrêter le traitement"
      },
      "actionURL": "",
      "redirectURL": "",
      "showIn": "Ellipsis",
      "validations": "",
      "callBackFunction": "stopprocessing"
    },
    {
      "buttonName": { "eng": "Filter", "ara": "تصفيه", "fra": "filtre" },
      "imagePath": "assets/images/filter.png",
      "actionListType": "action",
      "actionURL": { "case": "filter" },
      "redirectURL": "",
      "showIn": "Button",
      "validations": ""
    }
  ],
  "columnsToDisplay": [
    {
      "name": "workflowId",
      "showInListView": "True",
      "label": { "eng": "RID", "ara": "ايتخلص", "fra": "DÉBARRASSER" },
      "sortOrder": "3",
      "showAsLink": "",
      "linkType": "",
      "LinkURL": ""
    },
    {
      "name": "workflowType",
      "showInListView": "True",
      "label": { "eng": "Type", "ara": "يكتب", "fra": "Taper" },
      "sortOrder": "3",
      "showAsLink": "",
      "linkType": "",
      "LinkURL": ""
    },
    {
      "name": "currentStageName",
      "showInListView": "True",
      "label": { "eng": "Current Stage", "ara": "المرحلة الحالية", "fra": "Étape actuelle" },
      "sortOrder": "3",
      "showAsLink": "",
      "linkType": "",
      "LinkURL": ""
    }
  ],
  "paginator": {
    "totalEntries": null,
    "pageSize": "10",
    "pageSizeList": [10, 20, 30, 40, 50]
  },
  "filterColumns": [
    {
      "filtername": "workflowId",
      "filterlabel": { "eng": "RID", "ara": "يتخلص", "fra": "DÉBARRASSER" },
      "filterType": "contains",
      "fieldType": "input",
      "autocomplete": "false",
      "dropdown": "false",
      "datePicker": "false",
      "apiName": "packet",
      "fieldName": "workflowId",
      "methodCallName": ""
    },
    {
      "filtername": "workflowType",
      "filterlabel": { "eng": "Workflow Type", "ara": "نوع سير العمل", "fra": "Type de flux de travail" },
      "filterType": "contains",
      "fieldType": "input",
      "autocomplete": "false",
      "dropdown": "false",
      "datePicker": "false",
      "apiName": "packet",
      "fieldName": "workflowType",
      "methodCallName": ""
    }
  ]
}
