{
  "auditEventIds": ["ADM-040", "ADM-062"],
  "actionButtons": [
    {
      "buttonName": {
        "eng": "Activate",
        "ara": "تنشيط",
        "fra": "déclencher"
      },
      "actionURL": "",
      "redirectURL": "",
      "showIn": "Ellipsis",
      "validations": "",
      "callBackFunction": "activateCenter"
    },
    {
      "buttonName": {
        "eng": "Deactivate",
        "ara": "الغاء تنشيط",
        "fra": "désactiver"
      },
      "actionURL": "",
      "redirectURL": "",
      "showIn": "Ellipsis",
      "validations": "",
      "callBackFunction": "deactivateCenter"
    },
    {
      "buttonName": {
        "eng": "Edit",
        "ara": "تصحيح",
        "fra": "modifier"
      },
      "actionURL": "",
      "redirectURL": "/admin/masterdata/templates/single-view/$id",
      "showIn": "Ellipsis",
      "validations": "",
      "callBackFunction": "centerEdit"
    },
    {
      "buttonName": {
        "eng": "Create",
        "ara": "إضافة مركز",
        "fra": "Ajouter le centre"
      },
      "imagePath": "assets/images/add-icon.png",
      "actionListType": "redirect",
      "actionURL": "",
      "redirectURL": "admin/masterdata/templates/create",
      "showIn": "Button",
      "validations": ""
    },
    {
      "buttonName": { "eng": "Filter", "ara": "تصفيه", "fra": "filtre" },
      "imagePath": "assets/images/filter.png",
      "actionListType": "action",
      "actionURL": { "case": "filter" },
      "redirectURL": "",
      "showIn": "Button",
      "validations": ""
    },
    {
      "buttonName": { 
        "eng": "Template not available in English", 
        "ara": "النموذج غير متوفر باللغة العربية", 
        "fra": "Modèle non disponible en français" 
      },
      "imagePath": "",
      "actionListType": "action",
      "actionURL": { 
        "case": "missingData",
        "title": { 
          "eng": "Template not available in English", 
          "ara": "النموذج غير متوفر باللغة العربية", 
          "fra": "Modèle non disponible en français" 
        },
        "columnNames": [{ 
          "eng": "Template ID",
          "ara": "معرف القالب",
          "fra": "ID de modèle"
        },{ 
          "eng": "Name",
          "ara": "اسم",
          "fra": "nom"
        }],
        "fieldName": "name"
      },
      "redirectURL": "",
      "showIn": "Button",
      "validations": ""
    }
  ],
  "columnsToDisplay": [
    {
      "name": "id",
      "showInListView": "false",
      "showInSingleView": "false",
      "label": {
        "eng": "Template ID",
        "ara": "معرف القالب",
        "fra": "ID de modèle"
      },
      "sortOrder": "",
      "showAsLink": "false",
      "linkType": "",
      "LinkURL": ""
    },
    {
      "name": "name",
      "showInListView": "true",
      "showInSingleView": "true",
      "label": {
        "eng": "Name",
        "ara": "اسم",
        "fra": "nom"
      },
      "sortOrder": "",
      "showAsLink": "false",
      "linkType": "",
      "LinkURL": "",
      "inputType": "text",
      "ismandatory": "true"
    },
    {
      "name": "description",
      "showInListView": "true",
      "showInSingleView": "true",
      "label": {
        "eng": "Description",
        "ara": "وصف",
        "fra": "décrire"
      },
      "sortOrder": "",
      "showAsLink": "false",
      "linkType": "",
      "LinkURL": "",
      "inputType": "text",
      "ismandatory": "true"
    },
    {
      "name": "fileFormatCode",
      "showInListView": "false",
      "showInSingleView": "true",
      "label": {
        "eng": "Template Format",
        "ara": "تنسيق القالب",
        "fra": "Modèle de format"
      },
      "sortOrder": "",
      "showAsLink": "false",
      "linkType": "",
      "LinkURL": "",
      "inputType": "dropdown",
      "ismandatory": "true"
    },
    {
      "name": "model",
      "showInListView": "false",
      "showInSingleView": "true",
      "label": {
        "eng": "Model",
        "ara": "نموذج",
        "fra": "forme"
      },
      "sortOrder": "",
      "showAsLink": "false",
      "linkType": "",
      "LinkURL": "",
      "inputType": "text",
      "ismandatory": "true"
    },
    {
      "name": "templateTypeCode",
      "showInListView": "false",
      "showInSingleView": "true",
      "label": {
        "eng": "Template",
        "ara": "قالب",
        "fra": "format"
      },
      "sortOrder": "",
      "showAsLink": "false",
      "linkType": "",
      "LinkURL": "",
      "inputType": "dropdown",
      "ismandatory": "true"
    },
    {
      "name": "moduleId",
      "showInListView": "false",
      "showInSingleView": "true",
      "label": {
        "eng": "Module Id",
        "ara": "معرف الوحدة النمطية",
        "fra": "ID module"
      },
      "sortOrder": "",
      "showAsLink": "false",
      "linkType": "",
      "LinkURL": "",
      "inputType": "dropdown",
      "ismandatory": "true"
    },
    {
      "name": "moduleName",
      "showInListView": "true",
      "showInSingleView": "false",
      "label": {
        "eng": "Module Name",
        "ara": "اسم الوحدة النمطية",
        "fra": "Nom du module"
      },
      "sortOrder": "",
      "showAsLink": "false",
      "linkType": "",
      "LinkURL": "",
      "inputType": "text",
      "ismandatory": "true"
    },
    {
      "name": "fileText",
      "showInListView": "false",
      "showInSingleView": "true",
      "label": {
        "eng": "Scenario",
        "ara": "السيناريو",
        "fra": "scénario"
      },
      "sortOrder": "",
      "showAsLink": "false",
      "linkType": "",
      "LinkURL": "",
      "inputType": "text",
      "ismandatory": "true"
    },
    {
      "name": "isActive",
      "showInListView": "true",
      "showInSingleView": "false",
      "label": { "eng": "Status", "ara": "نشط", "fra": "c'est actif" },
      "sortOrder": "",
      "showAsLink": "false",
      "linkType": "",
      "LinkURL": "",
      "inputType": "dropdown",
      "ismandatory": "true"
    },
    {
      "name": "createdDateTime",
      "showInListView": "true",
      "showInSingleView": "false",
      "label": {
        "eng": "Created Time",
        "ara": "الوقت الذي تم إنشاؤه",
        "fra": "Temps créé"
      },
      "sortOrder": "",
      "showAsLink": "",
      "linkType": "",
      "LinkURL": ""
    },
    {
      "name": "createdBy",
      "showInListView": "false",
      "showInSingleView": "false",
      "label": {
        "eng": "Created By",
        "ara": "تم إنشاؤه من قبل",
        "fra": "Créé par"
      },
      "sortOrder": "",
      "showAsLink": "",
      "linkType": "",
      "LinkURL": ""
    },
    {
      "name": "updatedBy",
      "showInListView": "false",
      "showInSingleView": "false",
      "label": {
        "eng": "Updated By",
        "ara": "تم التحديث بواسطة",
        "fra": "Mise à jour par"
      },
      "sortOrder": "",
      "showAsLink": "",
      "linkType": "",
      "LinkURL": ""
    },
    {
      "name": "updatedDateTime",
      "showInListView": "false",
      "showInSingleView": "false",
      "label": {
        "eng": "Updated Time",
        "ara": "وقت التحديث",
        "fra": "Temps mis à jour"
      },
      "sortOrder": "3",
      "showAsLink": "",
      "linkType": "",
      "LinkURL": ""
    }
  ],
  "paginator": {
    "totalEntries": null,
    "pageSize": "10",
    "pageSizeList": [10, 20, 30, 40, 50]
  },
  "filterColumns": [
    {
      "filtername": "name",
      "filterlabel": {
        "eng": "Name",
        "ara": "اسم",
        "fra": "nom"
      },
      "filterType": "equals",
      "autocomplete": "false",
      "dropdown": "false",
      "datePicker": "false",
      "apiName": "templates",
      "fieldName": "name",
      "methodCallName": ""
    },
    {
      "filtername": "moduleName",
      "filterlabel": {
        "eng": "Module Name",
        "ara": "اسم الوحدة النمطية",
        "fra": "Nom du module"
      },
      "filterType": "equals",
      "autocomplete": "false",
      "dropdown": "true",
      "datePicker": "false",
      "apiName": "templates",
      "fieldName": "moduleName",
      "methodCallName": ""
    },
    {
      "filtername": "isActive",
      "filterlabel": { "eng": "Status", "ara": "نشط", "fra": "Statut" },
      "filterType": "equals",
      "autocomplete": "false",
      "dropdown": "true",
      "datePicker": "false",
      "apiName": "templates",
      "fieldName": "isActive",
      "methodCallName": ""
    }
  ]
}