{
  "auditEventIds": ["ADM-041", "ADM-063"],
  "actionButtons": [
    {
      "buttonName": {
        "eng": "Activate",
        "ara": "تنشيط",
        "fra": "déclencher"
      },
      "actionURL": "",
      "redirectURL": "",
      "showIn": "Ellipsis",
      "validations": "",
      "callBackFunction": "activateCenter"
    },
    {
      "buttonName": {
        "eng": "Deactivate",
        "ara": "الغاء تنشيط",
        "fra": "désactiver"
      },
      "actionURL": "",
      "redirectURL": "",
      "showIn": "Ellipsis",
      "validations": "",
      "callBackFunction": "deactivateCenter"
    },
    {
      "buttonName": {
        "eng": "Edit",
        "ara": "تصحيح",
        "fra": "modifier"
      },
      "actionURL": "",
      "redirectURL": "/admin/masterdata/title/single-view/$id",
      "showIn": "Ellipsis",
      "validations": "",
      "callBackFunction": "centerEdit"
    },
    {
      "buttonName": {
        "eng": "Create",
        "ara": "إضافة مركز",
        "fra": "Ajouter le centre"
      },
      "imagePath": "assets/images/add-icon.png",
      "actionListType": "redirect",
      "actionURL": "",
      "redirectURL": "admin/masterdata/title/create",
      "showIn": "Button",
      "validations": ""
    },
    {
      "buttonName": { "eng": "Filter", "ara": "تصفيه", "fra": "filtre" },
      "imagePath": "assets/images/filter.png",
      "actionListType": "action",
      "actionURL": { "case": "filter" },
      "redirectURL": "",
      "showIn": "Button",
      "validations": ""
    }
  ],
  "columnsToDisplay": [
    {
      "name": "code",
      "showInListView": "true",
      "showInSingleView": "true",
      "label": {
        "eng": "Code",
        "ara": "رمز",
        "fra": "Code"
      },
      "sortOrder": "",
      "showAsLink": "false",
      "linkType": "",
      "LinkURL": "",
      "idKey": "id",
      "inputType": "text",
      "ismandatory": "true"
    },
    {
      "name": "titleName",
      "showInListView": "true",
      "showInSingleView": "true",
      "label": {
        "eng": "Name",
        "ara": "اسم",
        "fra": "prénom"
      },
      "sortOrder": "",
      "showAsLink": "false",
      "linkType": "",
      "LinkURL": "",
      "idKey": "id",
      "inputType": "text",
      "ismandatory": "true"
    },
    {
      "name": "titleDescription",
      "showInListView": "true",
      "showInSingleView": "true",
      "label": { "eng": "Description", "ara": "وصف", "fra": "description" },
      "sortOrder": "",
      "showAsLink": "",
      "linkType": "",
      "LinkURL": "",
      "inputType": "text",
      "ismandatory": "true"
    },
    {
      "name": "isActive",
      "showInListView": "true",
      "showInSingleView": "true",
      "label": { "eng": "Status", "ara": "نشط", "fra": "c'est actif" },
      "sortOrder": "",
      "showAsLink": "false",
      "linkType": "",
      "LinkURL": "",
      "inputType": "dropdown",
      "ismandatory": "true"
    },
    {
      "name": "createdDateTime",
      "showInListView": "true",
      "showInSingleView": "false",
      "label": {
        "eng": "Created Time",
        "ara": "الوقت الذي تم إنشاؤه",
        "fra": "Temps créé"
      },
      "sortOrder": "",
      "showAsLink": "",
      "linkType": "",
      "LinkURL": ""
    },
    {
      "name": "createdBy",
      "showInListView": "false",
      "showInSingleView": "false",
      "label": {
        "eng": "Created By",
        "ara": "تم إنشاؤه من قبل",
        "fra": "Créé par"
      },
      "sortOrder": "",
      "showAsLink": "",
      "linkType": "",
      "LinkURL": ""
    },
    {
      "name": "updatedBy",
      "showInListView": "false",
      "showInSingleView": "false",
      "label": {
        "eng": "Updated By",
        "ara": "تم التحديث بواسطة",
        "fra": "Mise à jour par"
      },
      "sortOrder": "",
      "showAsLink": "",
      "linkType": "",
      "LinkURL": ""
    },
    {
      "name": "updatedDateTime",
      "showInListView": "false",
      "showInSingleView": "false",
      "label": {
        "eng": "Updated Time",
        "ara": "وقت التحديث",
        "fra": "Temps mis à jour"
      },
      "sortOrder": "3",
      "showAsLink": "",
      "linkType": "",
      "LinkURL": ""
    }
  ],
  "paginator": {
    "totalEntries": null,
    "pageSize": "10",
    "pageSizeList": [10, 20, 30, 40, 50]
  },
  "filterColumns": [
    {
      "filtername": "isActive",
      "filterlabel": { "eng": "Status", "ara": "نشط", "fra": "Statut" },
      "filterType": "equals",
      "autocomplete": "false",
      "dropdown": "true",
      "datePicker": "false",
      "apiName": "title",
      "fieldName": "isActive",
      "methodCallName": ""
    }
  ]
}
